Datetime,Water Level (m)
2025-05-01 12:00:00,0.5673777
2025-05-01 13:00:00,0.79099417
2025-05-01 14:00:00,0.83571565
2025-05-01 15:00:00,0.67084527
2025-05-01 16:00:00,0.46774623
2025-05-01 17:00:00,0.2611333
2025-05-01 18:00:00,0.042997036
2025-05-01 19:00:00,-0.15557946
2025-05-01 20:00:00,-0.30893657
2025-05-01 21:00:00,-0.380762
2025-05-01 22:00:00,-0.19327648
2025-05-01 23:00:00,0.05157967
2025-05-02 00:00:00,0.26430467
2025-05-02 01:00:00,0.4373914
2025-05-02 02:00:00,0.5056943
2025-05-02 03:00:00,0.3980963
2025-05-02 04:00:00,0.24603185
2025-05-02 05:00:00,0.07909471
2025-05-02 06:00:00,-0.10411607
2025-05-02 07:00:00,-0.2742307
2025-05-02 08:00:00,-0.4060643
2025-05-02 09:00:00,-0.38801092
2025-05-02 10:00:00,-0.12686613
2025-05-02 11:00:00,0.13415052
2025-05-02 12:00:00,0.37958553
2025-05-02 13:00:00,0.6520682
2025-05-02 14:00:00,0.8615461
2025-05-02 15:00:00,0.86357707
2025-05-02 16:00:00,0.7111858
2025-05-02 17:00:00,0.51729995
2025-05-02 18:00:00,0.31275153
2025-05-02 19:00:00,0.09811803
2025-05-02 20:00:00,-0.09673008
2025-05-02 21:00:00,-0.24105427
2025-05-02 22:00:00,-0.2838212
2025-05-02 23:00:00,-0.11574475
2025-05-03 00:00:00,0.081141956
2025-05-03 01:00:00,0.24014239
2025-05-03 02:00:00,0.3819798
2025-05-03 03:00:00,0.42957947
2025-05-03 04:00:00,0.34284154
2025-05-03 05:00:00,0.21409881
2025-05-03 06:00:00,0.06693626
2025-05-03 07:00:00,-0.09567721
2025-05-03 08:00:00,-0.23812823
2025-05-03 09:00:00,-0.3280464
2025-05-03 10:00:00,-0.22894575
2025-05-03 11:00:00,-0.009935164
2025-05-03 12:00:00,0.2003672
2025-05-03 13:00:00,0.40419146
2025-05-03 14:00:00,0.6358346
2025-05-03 15:00:00,0.79293877
2025-05-03 16:00:00,0.7620699
2025-05-03 17:00:00,0.6197973
2025-05-03 18:00:00,0.44965822
2025-05-03 19:00:00,0.26244023
2025-05-03 20:00:00,0.06907077
2025-05-03 21:00:00,-0.10063029
2025-05-03 22:00:00,-0.22625722
2025-05-03 23:00:00,-0.26702744
2025-05-04 00:00:00,-0.15585664
2025-05-04 01:00:00,-0.00868977
2025-05-04 02:00:00,0.1346868
2025-05-04 03:00:00,0.2823579
2025-05-04 04:00:00,0.3661041
2025-05-04 05:00:00,0.32684427
2025-05-04 06:00:00,0.22571357
2025-05-04 07:00:00,0.1046158
2025-05-04 08:00:00,-0.031060632
2025-05-04 09:00:00,-0.15698272
2025-05-04 10:00:00,-0.2206578
2025-05-04 11:00:00,-0.102951914
2025-05-04 12:00:00,0.06076853
2025-05-04 13:00:00,0.20130408
2025-05-04 14:00:00,0.35404187
2025-05-04 15:00:00,0.5490879
2025-05-04 16:00:00,0.6866449
2025-05-04 17:00:00,0.6790484
2025-05-04 18:00:00,0.57446116
2025-05-04 19:00:00,0.43523264
2025-05-04 20:00:00,0.27355573
2025-05-04 21:00:00,0.09743279
2025-05-04 22:00:00,-0.066851355
2025-05-04 23:00:00,-0.19354293
2025-05-05 00:00:00,-0.27067634
2025-05-05 01:00:00,-0.23723195
2025-05-05 02:00:00,-0.10476553
2025-05-05 03:00:00,0.037407044
2025-05-05 04:00:00,0.18134989
2025-05-05 05:00:00,0.30893308
2025-05-05 06:00:00,0.33278912
2025-05-05 07:00:00,0.2652301
2025-05-05 08:00:00,0.16178215
2025-05-05 09:00:00,0.04862695
2025-05-05 10:00:00,-0.070965305
2025-05-05 11:00:00,-0.1446
2025-05-05 12:00:00,-0.10885072
2025-05-05 13:00:00,0.020577144
2025-05-05 14:00:00,0.13178198
2025-05-05 15:00:00,0.24138552
2025-05-05 16:00:00,0.39199308
2025-05-05 17:00:00,0.5582201
2025-05-05 18:00:00,0.6222888
2025-05-05 19:00:00,0.55273277
2025-05-05 20:00:00,0.42680913
2025-05-05 21:00:00,0.27517533
2025-05-05 22:00:00,0.10958596
2025-05-05 23:00:00,-0.060513012
2025-05-06 00:00:00,-0.19386058
2025-05-06 01:00:00,-0.27349842
2025-05-06 02:00:00,-0.24274707
2025-05-06 03:00:00,-0.11452508
2025-05-06 04:00:00,0.01909943
2025-05-06 05:00:00,0.16578116
2025-05-06 06:00:00,0.32834092
2025-05-06 07:00:00,0.416261
2025-05-06 08:00:00,0.39168653
2025-05-06 09:00:00,0.29334694
2025-05-06 10:00:00,0.17371671
2025-05-06 11:00:00,0.043064747
2025-05-06 12:00:00,-0.0738133
2025-05-06 13:00:00,-0.10899621
2025-05-06 14:00:00,0.0013790681
2025-05-06 15:00:00,0.12189247
2025-05-06 16:00:00,0.22156478
2025-05-06 17:00:00,0.34081036
2025-05-06 18:00:00,0.5103593
2025-05-06 19:00:00,0.62674046
2025-05-06 20:00:00,0.5950787
2025-05-06 21:00:00,0.4732282
2025-05-06 22:00:00,0.31984657
2025-05-06 23:00:00,0.14903624
2025-05-07 00:00:00,-0.028978596
2025-05-07 01:00:00,-0.17266415
2025-05-07 02:00:00,-0.2605975
2025-05-07 03:00:00,-0.19360843
2025-05-07 04:00:00,-0.0306104
2025-05-07 05:00:00,0.11523511
2025-05-07 06:00:00,0.26601046
2025-05-07 07:00:00,0.44989848
2025-05-07 08:00:00,0.5567274
2025-05-07 09:00:00,0.52186185
2025-05-07 10:00:00,0.41068003
2025-05-07 11:00:00,0.27702713
2025-05-07 12:00:00,0.13007088
